User_ID,Fund_ID,Fund_Name,SIP_Start_Date,SIP_Amount,NAV_on_Date,Execution_Date,Units_Credited,Expense_Ratio,Category,Feedback_Score,Modified_Flag,Cancelled_Flag
U7119,F850,ICICI Prudential Value Discovery,2023-02-05,3000,38.93,2023-02-06,77.061,1.43,Small Cap,8,0,0
U7675,F235,Nippon India Small Cap,2023-09-02,2500,24.5,2023-09-07,102.041,1.28,ELSS,9,1,0
U6930,F189,HDFC Top 100,2023-06-13,1000,88.97,2023-06-20,11.24,1.32,Small Cap,1,1,0
U6986,F359,ICICI Prudential Value Discovery,2023-09-25,1500,60.72,2023-09-28,24.704,0.84,ELSS,9,0,0
U9959,F818,ICICI Prudential Value Discovery,2024-05-24,500,86.2,2024-05-27,5.8,2.18,Mid Cap,2,0,0
U6194,F703,Mirae Asset Emerging Bluechip,2023-01-31,1500,16.73,2023-01-31,89.659,1.12,Mid Cap,10,1,0
U1740,F845,Axis Bluechip,2023-01-26,1000,87.22,2023-01-31,11.465,1.63,Small Cap,2,0,0
U3869,F419,Nippon India Small Cap,2024-08-01,500,18.19,2024-08-03,27.488,1.44,Large Cap,6,1,0
U9651,F828,Axis Bluechip,2023-11-12,2000,59.99,2023-11-12,33.339,1.86,ELSS,6,0,0
U3763,F322,ICICI Prudential Value Discovery,2024-10-26,3000,72.46,2024-10-27,41.402,1.1,Large Cap,6,0,0
U6891,F944,Mirae Asset Emerging Bluechip,2023-07-16,500,42.96,2023-07-21,11.639,1.22,Balanced,7,0,0
U9538,F384,Mirae Asset Emerging Bluechip,2024-08-20,2000,17.29,2024-08-27,115.674,1.03,ELSS,5,0,0
U4223,F173,Nippon India Small Cap,2024-01-28,1000,86.91,2024-01-31,11.506,1.48,Balanced,5,0,0
U1275,F263,HDFC Top 100,2023-03-10,2500,13.17,2023-03-10,189.825,2.31,Balanced,4,0,0
U6918,F216,Nippon India Small Cap,2023-04-03,2000,28.34,2023-04-10,70.572,2.35,Small Cap,9,0,0
U9225,F661,HDFC Top 100,2024-03-19,2000,89.3,2024-03-19,22.396,2.44,ELSS,2,0,0
U7373,F157,HDFC Top 100,2023-06-19,2000,71.23,2023-06-26,28.078,1.51,Mid Cap,8,0,0
U3610,F739,Axis Bluechip,2024-03-19,1000,70.63,2024-03-22,14.158,1.22,Balanced,2,1,0
U4809,F558,ICICI Prudential Value Discovery,2023-08-08,2000,84.12,2023-08-10,23.776,1.23,ELSS,3,0,0
U4603,F367,Axis Bluechip,2024-07-25,2500,79.29,2024-07-30,31.53,0.77,Balanced,3,0,0
U5539,F148,HDFC Top 100,2023-03-29,2500,61.04,2023-03-31,40.957,1.91,Balanced,3,1,0
U7072,F779,Nippon India Small Cap,2023-12-29,1000,89.89,2024-01-05,11.125,1.11,ELSS,1,0,0
U2429,F537,Axis Bluechip,2024-06-03,500,73.29,2024-06-08,6.822,1.92,Mid Cap,10,1,0
U8539,F564,ICICI Prudential Value Discovery,2024-02-09,1000,79.72,2024-02-12,12.544,1.75,ELSS,2,0,0
U4593,F760,ICICI Prudential Value Discovery,2023-06-06,1000,39.69,2023-06-06,25.195,1.69,ELSS,10,1,1
U2980,F151,Axis Bluechip,2023-03-01,1000,25.09,2023-03-02,39.857,0.57,Mid Cap,9,0,0
U3066,F939,ICICI Prudential Value Discovery,2023-10-04,2000,47.6,2023-10-07,42.017,0.75,Small Cap,2,1,0
U4351,F177,HDFC Top 100,2023-08-23,2500,44.45,2023-08-23,56.243,2.46,Balanced,6,1,0
U9074,F690,Axis Bluechip,2024-06-22,3000,73.18,2024-06-22,40.995,0.95,ELSS,8,1,1
U2361,F841,Mirae Asset Emerging Bluechip,2024-01-18,3000,89.21,2024-01-21,33.629,0.98,Large Cap,1,0,0
U4010,F926,Nippon India Small Cap,2023-06-28,2000,73.37,2023-07-05,27.259,2.47,Small Cap,5,1,0
U2135,F876,Nippon India Small Cap,2023-10-26,1000,42.33,2023-10-27,23.624,2.16,ELSS,10,1,1
U8005,F877,ICICI Prudential Value Discovery,2024-05-27,1000,33.62,2024-05-30,29.744,2.42,Small Cap,4,1,0
U9508,F255,ICICI Prudential Value Discovery,2023-12-25,2500,59.47,2023-12-27,42.038,2.1,Large Cap,3,0,0
U5029,F294,Mirae Asset Emerging Bluechip,2023-07-13,500,89.34,2023-07-15,5.597,1.23,Mid Cap,1,0,0
U9508,F869,HDFC Top 100,2024-07-04,2000,95.98,2024-07-05,20.838,1.34,Large Cap,4,1,0
U9479,F427,HDFC Top 100,2023-06-05,3000,92.2,2023-06-12,32.538,2.36,Large Cap,6,0,0
U3697,F271,ICICI Prudential Value Discovery,2024-03-09,2000,81.28,2024-03-16,24.606,2.12,Balanced,9,1,1
U1838,F354,HDFC Top 100,2023-09-04,2500,97.61,2023-09-09,25.612,1.84,Large Cap,8,1,1
U9476,F269,Nippon India Small Cap,2023-11-06,2000,11.54,2023-11-06,173.31,2.25,Balanced,2,1,1
U2702,F247,Nippon India Small Cap,2023-02-21,2000,62.66,2023-02-23,31.918,0.93,Balanced,3,0,0
U2628,F183,ICICI Prudential Value Discovery,2024-03-31,1000,82.43,2024-04-07,12.132,1.93,Small Cap,6,0,0
U3373,F668,ICICI Prudential Value Discovery,2023-10-07,500,49.56,2023-10-10,10.089,1.08,Large Cap,7,1,1
U9228,F108,Nippon India Small Cap,2024-05-18,3000,23.27,2024-05-19,128.921,1.03,Large Cap,5,1,0
U4723,F172,Mirae Asset Emerging Bluechip,2023-05-18,1500,38.15,2023-05-18,39.318,1.99,ELSS,3,1,0
U2023,F415,Mirae Asset Emerging Bluechip,2023-01-27,2500,61.44,2023-02-03,40.69,2.25,ELSS,5,1,0
U2587,F372,Mirae Asset Emerging Bluechip,2024-12-23,2000,13.87,2024-12-28,144.196,1.98,Small Cap,9,0,0
U6230,F778,HDFC Top 100,2024-02-23,2000,21.35,2024-02-28,93.677,1.19,ELSS,3,0,0
U1909,F303,Nippon India Small Cap,2023-09-10,3000,75.82,2023-09-10,39.567,2.3,Large Cap,1,0,0
U8585,F270,Axis Bluechip,2023-05-25,1500,10.71,2023-06-01,140.056,1.38,Small Cap,6,1,0
U5653,F300,Nippon India Small Cap,2023-02-17,500,63.47,2023-02-24,7.878,1.79,Mid Cap,4,0,0
U1475,F880,Nippon India Small Cap,2024-06-05,1000,70.15,2024-06-07,14.255,2.04,ELSS,1,1,0
U1869,F771,HDFC Top 100,2024-11-06,2000,85.83,2024-11-08,23.302,0.57,Balanced,10,1,1
U1509,F731,Mirae Asset Emerging Bluechip,2024-08-29,500,98.5,2024-08-29,5.076,1.96,Mid Cap,4,0,0
U6180,F796,ICICI Prudential Value Discovery,2023-04-21,2500,69.75,2023-04-21,35.842,1.82,Large Cap,10,0,0
U8338,F919,HDFC Top 100,2024-03-27,3000,75.43,2024-03-27,39.772,2.21,Small Cap,4,1,1
U1402,F161,HDFC Top 100,2024-12-31,1500,71.15,2025-01-07,21.082,1.56,Small Cap,3,0,0
U7118,F316,Mirae Asset Emerging Bluechip,2024-01-09,1500,40.83,2024-01-11,36.738,2.26,Small Cap,10,0,0
U7521,F840,ICICI Prudential Value Discovery,2024-11-02,1000,21.67,2024-11-02,46.147,1.42,Large Cap,5,0,0
U3115,F278,ICICI Prudential Value Discovery,2024-08-28,1500,12.97,2024-09-04,115.652,0.84,Balanced,8,0,0
U1889,F628,HDFC Top 100,2024-10-23,500,43.58,2024-10-28,11.473,1.63,Balanced,8,1,0
U2139,F519,HDFC Top 100,2024-03-24,1500,10.9,2024-03-29,137.615,1.85,Balanced,6,1,0
U4534,F889,Axis Bluechip,2023-05-25,500,16.32,2023-05-25,30.637,0.6,Mid Cap,9,0,0
U4104,F276,Axis Bluechip,2023-09-24,2500,73.26,2023-09-26,34.125,2.37,Mid Cap,4,1,0
U1756,F379,Axis Bluechip,2024-01-27,3000,49.18,2024-02-01,61.0,1.09,Balanced,3,0,0
U6015,F264,Nippon India Small Cap,2024-03-01,2000,90.22,2024-03-01,22.168,1.78,Balanced,10,1,0
U3601,F422,HDFC Top 100,2024-04-19,2500,56.87,2024-04-26,43.96,1.06,ELSS,4,0,0
U8330,F725,Mirae Asset Emerging Bluechip,2023-12-28,1500,52.94,2024-01-02,28.334,2.17,Mid Cap,10,1,0
U1530,F966,Nippon India Small Cap,2023-12-06,1000,95.3,2023-12-11,10.493,2.05,ELSS,9,0,0
U7373,F223,Axis Bluechip,2024-09-28,2000,11.42,2024-10-03,175.131,1.75,Small Cap,3,0,0
U5044,F541,Mirae Asset Emerging Bluechip,2024-04-24,500,94.91,2024-04-24,5.268,1.09,Balanced,10,1,0
U3153,F393,HDFC Top 100,2023-06-04,1000,65.3,2023-06-06,15.314,1.34,Mid Cap,6,0,0
U4566,F286,ICICI Prudential Value Discovery,2023-06-06,3000,84.74,2023-06-11,35.402,1.36,Small Cap,4,1,1
U6442,F740,Nippon India Small Cap,2024-01-19,1000,87.49,2024-01-19,11.43,0.73,ELSS,6,0,0
U5896,F323,HDFC Top 100,2024-09-05,1500,94.67,2024-09-07,15.845,0.79,Large Cap,10,0,0
U5013,F551,ICICI Prudential Value Discovery,2024-04-20,1500,92.89,2024-04-21,16.148,1.39,Mid Cap,5,1,1
U1191,F707,Nippon India Small Cap,2023-02-24,1500,72.24,2023-02-25,20.764,1.44,ELSS,6,0,0
U5986,F587,ICICI Prudential Value Discovery,2023-12-02,500,78.95,2023-12-02,6.333,2.09,ELSS,5,0,0
U9237,F919,Mirae Asset Emerging Bluechip,2024-03-29,1000,95.81,2024-04-05,10.437,1.89,Small Cap,7,1,1
U7111,F968,ICICI Prudential Value Discovery,2024-05-13,1500,63.86,2024-05-20,23.489,2.14,ELSS,7,1,0
U1614,F191,Axis Bluechip,2024-12-17,2500,62.87,2024-12-22,39.765,1.06,Mid Cap,7,1,0
U8980,F967,Mirae Asset Emerging Bluechip,2023-07-19,500,65.02,2023-07-21,7.69,0.77,Large Cap,9,0,0
U3470,F528,ICICI Prudential Value Discovery,2023-07-24,1500,37.13,2023-07-24,40.399,1.55,Large Cap,3,1,1
U9363,F313,HDFC Top 100,2024-10-23,1000,16.87,2024-10-28,59.277,1.51,Small Cap,3,1,0
U1846,F260,Nippon India Small Cap,2023-03-28,1500,20.57,2023-03-30,72.922,0.81,Small Cap,5,1,0
U8891,F315,Mirae Asset Emerging Bluechip,2024-09-14,1000,96.92,2024-09-15,10.318,2.19,Mid Cap,1,1,1
U2785,F429,Mirae Asset Emerging Bluechip,2023-03-02,1500,64.95,2023-03-05,23.095,2.23,Mid Cap,1,1,0
U4619,F911,HDFC Top 100,2024-02-15,1000,72.05,2024-02-22,13.879,2.38,Balanced,6,1,0
U1359,F734,Axis Bluechip,2023-11-26,500,96.11,2023-11-29,5.202,0.92,Small Cap,2,0,0
U8682,F380,HDFC Top 100,2024-01-16,500,68.07,2024-01-16,7.345,0.86,Large Cap,6,1,0
U7133,F782,HDFC Top 100,2023-08-19,500,40.84,2023-08-20,12.243,1.23,ELSS,2,1,1
U8614,F579,Axis Bluechip,2023-11-27,2500,77.44,2023-11-28,32.283,1.43,Mid Cap,6,0,0
U3345,F801,Mirae Asset Emerging Bluechip,2024-07-07,2000,90.6,2024-07-12,22.075,1.61,ELSS,8,0,0
U6577,F196,Axis Bluechip,2024-11-07,3000,53.51,2024-11-10,56.064,1.51,Balanced,5,0,0
U5100,F607,Nippon India Small Cap,2024-01-26,1000,85.53,2024-01-28,11.692,1.8,Small Cap,7,0,0
U5037,F535,HDFC Top 100,2024-01-07,3000,33.88,2024-01-14,88.548,2.14,Balanced,4,1,0
U6995,F562,Axis Bluechip,2024-05-16,2000,79.75,2024-05-17,25.078,1.98,Large Cap,3,0,0
U8621,F900,ICICI Prudential Value Discovery,2023-05-18,500,90.39,2023-05-25,5.532,0.51,Mid Cap,8,1,1
U6278,F275,Mirae Asset Emerging Bluechip,2023-01-17,2500,93.15,2023-01-18,26.838,1.77,Small Cap,8,1,1
U6844,F829,Nippon India Small Cap,2023-08-19,1500,35.25,2023-08-24,42.553,1.77,Mid Cap,7,1,1
U2611,F964,ICICI Prudential Value Discovery,2023-06-30,2500,60.6,2023-07-05,41.254,1.51,Mid Cap,3,1,1
U6422,F995,Mirae Asset Emerging Bluechip,2024-11-02,2000,62.09,2024-11-04,32.211,1.68,ELSS,10,1,1
U1551,F655,Nippon India Small Cap,2024-11-09,2500,45.64,2024-11-12,54.777,1.76,Small Cap,9,1,1
U7742,F464,Mirae Asset Emerging Bluechip,2024-11-05,1500,81.71,2024-11-07,18.358,1.18,ELSS,3,0,0
U9024,F417,Nippon India Small Cap,2024-02-08,1000,75.65,2024-02-13,13.219,1.63,Large Cap,7,0,0
U1284,F758,Axis Bluechip,2024-03-28,500,99.4,2024-04-02,5.03,2.11,Small Cap,3,1,0
U2987,F411,HDFC Top 100,2023-05-07,2500,34.68,2023-05-07,72.088,0.66,Balanced,6,0,0
U3535,F543,HDFC Top 100,2023-12-01,500,92.52,2023-12-01,5.404,1.28,Mid Cap,10,1,1
U5751,F841,Mirae Asset Emerging Bluechip,2023-05-18,2000,84.13,2023-05-21,23.773,1.87,Large Cap,7,0,0
U3195,F137,Nippon India Small Cap,2023-11-02,1500,14.04,2023-11-04,106.838,2.35,ELSS,8,0,0
U4797,F628,Nippon India Small Cap,2024-11-05,500,64.29,2024-11-12,7.777,2.43,Mid Cap,3,0,0
U2716,F556,HDFC Top 100,2023-06-05,500,96.26,2023-06-10,5.194,2.49,Large Cap,2,0,0
U6076,F784,ICICI Prudential Value Discovery,2023-09-20,2000,66.07,2023-09-21,30.271,1.07,Large Cap,8,0,0
U4963,F896,Mirae Asset Emerging Bluechip,2024-08-12,3000,12.89,2024-08-14,232.739,1.51,Large Cap,7,0,0
U1222,F131,Nippon India Small Cap,2024-08-02,2000,97.85,2024-08-07,20.439,0.71,Mid Cap,10,0,0
U7677,F877,HDFC Top 100,2024-05-02,1500,25.53,2024-05-03,58.754,0.83,Small Cap,2,0,0
U1632,F226,Mirae Asset Emerging Bluechip,2023-05-27,1000,52.75,2023-05-29,18.957,1.2,Balanced,8,1,1
U5128,F185,Nippon India Small Cap,2023-06-24,3000,42.24,2023-06-24,71.023,2.14,ELSS,8,0,0
U3381,F419,Mirae Asset Emerging Bluechip,2023-02-05,1500,78.15,2023-02-05,19.194,1.7,ELSS,1,0,0
U9958,F401,HDFC Top 100,2024-09-03,500,63.48,2024-09-04,7.876,1.08,ELSS,9,1,1
U4696,F548,Mirae Asset Emerging Bluechip,2023-10-20,1000,53.11,2023-10-20,18.829,0.83,Balanced,3,0,0
U6606,F945,Mirae Asset Emerging Bluechip,2023-11-18,2000,16.3,2023-11-19,122.699,2.06,Balanced,3,0,0
U6440,F682,Nippon India Small Cap,2023-04-27,500,85.55,2023-04-29,5.845,2.16,ELSS,2,0,0
U2583,F920,Nippon India Small Cap,2023-09-09,2500,73.12,2023-09-14,34.19,2.04,ELSS,9,1,0
U2492,F717,Nippon India Small Cap,2024-11-15,2000,98.65,2024-11-18,20.274,0.65,Small Cap,3,0,0
U9495,F295,HDFC Top 100,2023-07-02,500,46.55,2023-07-07,10.741,0.83,Mid Cap,6,0,0
U9661,F359,HDFC Top 100,2024-05-10,1500,18.2,2024-05-11,82.418,2.14,Large Cap,1,0,0
U1221,F243,HDFC Top 100,2023-02-23,1000,10.78,2023-02-25,92.764,0.54,Large Cap,10,0,0
U4812,F449,Nippon India Small Cap,2023-07-10,500,25.82,2023-07-12,19.365,1.1,Large Cap,10,0,0
U7807,F119,HDFC Top 100,2024-12-17,500,24.97,2024-12-20,20.024,1.54,Mid Cap,6,1,0
U9500,F128,Nippon India Small Cap,2023-03-05,1500,57.36,2023-03-07,26.151,1.86,Balanced,6,0,0
U5574,F393,Nippon India Small Cap,2023-09-23,500,24.85,2023-09-28,20.121,1.35,Mid Cap,8,0,0
U2247,F222,ICICI Prudential Value Discovery,2024-04-16,2500,86.82,2024-04-18,28.795,1.72,Small Cap,5,1,0
U1228,F346,Nippon India Small Cap,2023-07-31,3000,88.03,2023-08-01,34.079,2.25,Small Cap,3,1,0
U9693,F556,Axis Bluechip,2023-10-06,2500,11.59,2023-10-09,215.703,1.05,ELSS,8,1,1
U9367,F788,Axis Bluechip,2024-12-23,1000,31.86,2024-12-26,31.387,1.4,Small Cap,10,1,0
U1828,F868,Axis Bluechip,2024-09-27,500,19.73,2024-10-02,25.342,1.31,Balanced,9,1,1
U5964,F568,Mirae Asset Emerging Bluechip,2023-12-06,2500,96.57,2023-12-13,25.888,0.73,Small Cap,9,1,0
U6475,F466,Axis Bluechip,2024-04-09,3000,53.79,2024-04-11,55.772,1.81,Small Cap,3,0,0
U2048,F620,HDFC Top 100,2023-03-16,3000,81.92,2023-03-18,36.621,2.15,Large Cap,2,0,0
U4153,F203,ICICI Prudential Value Discovery,2023-05-29,500,70.26,2023-06-03,7.116,0.9,Small Cap,1,0,0
U6797,F482,HDFC Top 100,2023-01-13,3000,23.44,2023-01-13,127.986,1.06,ELSS,5,0,0
U3984,F654,Nippon India Small Cap,2023-08-30,500,27.71,2023-08-31,18.044,1.39,Large Cap,7,1,1
U9002,F368,Mirae Asset Emerging Bluechip,2023-11-14,1500,43.46,2023-11-17,34.514,2.24,Mid Cap,1,1,0
U3665,F462,Axis Bluechip,2024-03-25,1000,49.78,2024-03-30,20.088,1.22,Mid Cap,7,1,1
U4785,F338,Mirae Asset Emerging Bluechip,2023-04-18,3000,20.16,2023-04-25,148.81,1.48,Balanced,5,1,1
U2951,F490,Axis Bluechip,2023-12-24,500,51.5,2023-12-29,9.709,0.92,Small Cap,10,0,0
U2159,F398,Mirae Asset Emerging Bluechip,2024-10-31,500,22.39,2024-11-07,22.331,0.91,ELSS,7,1,0
U4002,F121,HDFC Top 100,2024-05-25,2500,10.53,2024-05-28,237.417,1.59,ELSS,1,1,0
U3133,F442,Mirae Asset Emerging Bluechip,2023-09-01,2500,52.75,2023-09-02,47.393,0.65,ELSS,1,1,0
U9229,F268,Nippon India Small Cap,2024-04-23,500,15.49,2024-04-28,32.279,1.08,Small Cap,9,0,0
U4687,F238,HDFC Top 100,2024-01-13,500,59.78,2024-01-13,8.364,2.01,ELSS,7,0,0
U5499,F784,Axis Bluechip,2023-10-29,2000,85.83,2023-10-29,23.302,1.8,Large Cap,6,1,1
U5705,F968,Mirae Asset Emerging Bluechip,2024-12-31,1000,34.6,2025-01-07,28.902,1.64,ELSS,5,0,0
U5636,F894,HDFC Top 100,2024-05-09,2500,57.18,2024-05-11,43.722,0.7,ELSS,6,1,0
U6413,F618,HDFC Top 100,2024-10-14,2000,51.05,2024-10-16,39.177,2.47,Mid Cap,9,0,0
U3265,F727,Axis Bluechip,2024-12-25,2000,41.03,2025-01-01,48.745,2.26,Large Cap,7,0,0
U2611,F642,ICICI Prudential Value Discovery,2023-03-23,1000,40.58,2023-03-24,24.643,1.9,Mid Cap,4,0,0
U4607,F290,Nippon India Small Cap,2023-03-03,500,66.2,2023-03-04,7.553,0.99,Small Cap,10,1,1
U8992,F524,Mirae Asset Emerging Bluechip,2024-04-16,1500,68.94,2024-04-17,21.758,2.09,Balanced,4,0,0
U2588,F667,HDFC Top 100,2024-08-19,2500,46.25,2024-08-26,54.054,2.27,Mid Cap,6,0,0
U8561,F896,HDFC Top 100,2023-12-30,2500,61.89,2024-01-02,40.394,0.54,Large Cap,2,1,0
U2147,F513,Mirae Asset Emerging Bluechip,2024-12-21,1000,86.79,2024-12-23,11.522,0.68,Mid Cap,9,0,0
U9959,F668,ICICI Prudential Value Discovery,2023-10-18,500,31.27,2023-10-25,15.99,1.8,Small Cap,8,1,1
U1539,F849,Axis Bluechip,2024-08-05,3000,19.15,2024-08-05,156.658,0.88,Balanced,3,1,1
U3446,F732,Axis Bluechip,2023-08-18,1000,27.49,2023-08-20,36.377,1.91,Small Cap,10,0,0
U2668,F261,Mirae Asset Emerging Bluechip,2024-05-22,500,94.88,2024-05-22,5.27,2.27,Small Cap,4,0,0
U8842,F412,HDFC Top 100,2023-06-27,500,27.63,2023-06-27,18.096,1.63,Mid Cap,6,0,0
U6869,F207,HDFC Top 100,2024-07-21,2500,74.83,2024-07-24,33.409,1.99,Small Cap,5,1,1
U9689,F556,ICICI Prudential Value Discovery,2023-02-14,1500,83.77,2023-02-17,17.906,2.29,Small Cap,4,1,1
U8047,F857,ICICI Prudential Value Discovery,2023-10-05,500,99.86,2023-10-08,5.007,0.62,Balanced,2,1,0
U2908,F765,Axis Bluechip,2024-01-20,2000,46.86,2024-01-27,42.68,1.36,Mid Cap,10,1,1
U4997,F162,Axis Bluechip,2023-09-02,2000,49.84,2023-09-05,40.128,0.76,ELSS,4,1,1
U9197,F118,Axis Bluechip,2023-04-22,2000,89.69,2023-04-25,22.299,0.98,Small Cap,9,1,0
U6344,F386,ICICI Prudential Value Discovery,2023-05-01,1500,69.97,2023-05-03,21.438,1.26,Mid Cap,8,1,1
U5049,F557,HDFC Top 100,2023-05-14,3000,69.46,2023-05-21,43.19,2.14,ELSS,8,0,0
U5778,F152,ICICI Prudential Value Discovery,2024-01-05,2000,17.66,2024-01-12,113.25,2.47,Balanced,3,0,0
U8700,F205,Nippon India Small Cap,2024-01-16,1500,73.82,2024-01-18,20.32,2.48,ELSS,6,1,0
U4089,F591,Mirae Asset Emerging Bluechip,2023-01-24,3000,26.03,2023-01-31,115.252,0.71,Large Cap,7,1,0
U2513,F421,ICICI Prudential Value Discovery,2023-07-15,3000,35.52,2023-07-15,84.459,2.1,Large Cap,9,0,0
U9993,F616,HDFC Top 100,2023-06-09,500,91.35,2023-06-11,5.473,0.56,Mid Cap,10,1,1
U2197,F775,Axis Bluechip,2024-03-27,1500,10.3,2024-04-01,145.631,0.98,Balanced,10,1,0
U3470,F476,Axis Bluechip,2024-07-17,1500,54.6,2024-07-20,27.473,2.35,ELSS,7,0,0
U1649,F549,ICICI Prudential Value Discovery,2024-08-20,3000,52.62,2024-08-20,57.013,1.04,Mid Cap,8,0,0
U9433,F757,Axis Bluechip,2023-02-01,3000,24.22,2023-02-01,123.865,0.78,Balanced,7,1,1
U1996,F972,ICICI Prudential Value Discovery,2023-10-08,1500,82.37,2023-10-11,18.211,1.57,Balanced,2,0,0
U9177,F624,Mirae Asset Emerging Bluechip,2023-08-30,500,86.01,2023-09-02,5.813,0.94,Balanced,5,0,0
U2810,F458,HDFC Top 100,2023-04-06,500,65.53,2023-04-13,7.63,2.35,Small Cap,10,0,0
U8388,F240,Mirae Asset Emerging Bluechip,2024-09-05,2500,10.51,2024-09-05,237.869,1.89,ELSS,8,0,0
U5544,F450,Axis Bluechip,2023-02-14,3000,28.01,2023-02-15,107.105,0.59,Small Cap,8,1,0
U9875,F143,Nippon India Small Cap,2024-05-16,1000,42.34,2024-05-17,23.618,1.41,Mid Cap,6,0,0
U4055,F989,Mirae Asset Emerging Bluechip,2024-09-05,1500,39.54,2024-09-08,37.936,0.86,Large Cap,7,1,1
U5123,F378,Axis Bluechip,2023-09-17,3000,57.55,2023-09-20,52.129,1.51,Balanced,6,1,1
U2626,F404,HDFC Top 100,2023-12-10,1000,75.68,2023-12-11,13.214,1.55,Balanced,3,1,1
U7806,F373,HDFC Top 100,2023-09-23,2000,42.72,2023-09-24,46.816,1.02,Large Cap,1,0,0
U8874,F821,Mirae Asset Emerging Bluechip,2024-07-20,500,71.4,2024-07-21,7.003,2.11,Small Cap,2,0,0
U8331,F294,Mirae Asset Emerging Bluechip,2024-06-29,2000,69.18,2024-07-01,28.91,0.52,Balanced,4,1,1
U5236,F223,ICICI Prudential Value Discovery,2023-09-22,2000,80.15,2023-09-23,24.953,1.9,Small Cap,5,0,0
U9208,F869,Axis Bluechip,2024-03-31,3000,30.11,2024-04-01,99.635,1.74,Balanced,10,1,1
U2428,F768,Mirae Asset Emerging Bluechip,2024-02-01,1000,22.39,2024-02-03,44.663,2.35,Large Cap,7,1,0
U7525,F954,Nippon India Small Cap,2023-05-03,1500,47.48,2023-05-08,31.592,1.17,Balanced,6,1,1
U7826,F372,Mirae Asset Emerging Bluechip,2024-10-28,500,46.36,2024-11-02,10.785,1.22,Small Cap,5,1,0
U6258,F710,Mirae Asset Emerging Bluechip,2023-11-04,1000,25.82,2023-11-06,38.73,0.74,Balanced,8,0,0
U5809,F184,Mirae Asset Emerging Bluechip,2023-04-28,3000,32.93,2023-05-05,91.102,2.37,Small Cap,3,1,1
U4525,F187,Mirae Asset Emerging Bluechip,2023-07-20,1000,30.07,2023-07-20,33.256,2.09,Balanced,5,1,0
U2887,F448,ICICI Prudential Value Discovery,2024-03-01,1500,12.86,2024-03-03,116.641,0.78,Small Cap,8,0,0
U4351,F313,ICICI Prudential Value Discovery,2024-05-25,1500,87.85,2024-06-01,17.075,2.44,ELSS,3,1,0
U9732,F897,Mirae Asset Emerging Bluechip,2024-01-07,1500,96.89,2024-01-10,15.481,1.31,ELSS,4,0,0
U5201,F588,Axis Bluechip,2024-01-03,1500,67.92,2024-01-03,22.085,2.43,Small Cap,10,0,0
U8365,F675,HDFC Top 100,2023-11-20,2500,56.26,2023-11-27,44.437,1.58,Small Cap,7,0,0
U7947,F391,HDFC Top 100,2024-12-22,2000,43.99,2024-12-24,45.465,2.36,ELSS,6,1,1
U9789,F383,Nippon India Small Cap,2024-04-10,3000,92.46,2024-04-13,32.446,1.25,Balanced,8,0,0
U7337,F561,Mirae Asset Emerging Bluechip,2024-12-08,2500,72.21,2024-12-11,34.621,1.66,Small Cap,2,1,0
U5378,F545,ICICI Prudential Value Discovery,2023-03-06,3000,62.9,2023-03-07,47.695,1.93,ELSS,6,0,0
U3665,F540,Nippon India Small Cap,2024-11-26,1500,91.29,2024-12-03,16.431,1.09,Small Cap,1,0,0
U9891,F428,HDFC Top 100,2023-03-30,2500,64.49,2023-04-02,38.766,1.06,ELSS,8,1,1
U6113,F468,ICICI Prudential Value Discovery,2023-09-19,500,78.14,2023-09-26,6.399,1.91,ELSS,5,1,1
U2414,F349,HDFC Top 100,2024-05-07,1000,31.96,2024-05-14,31.289,0.81,Balanced,2,0,0
U1993,F813,Nippon India Small Cap,2024-11-25,2000,92.36,2024-11-27,21.654,2.25,Balanced,6,0,0
U8356,F680,Nippon India Small Cap,2023-01-19,2500,95.51,2023-01-22,26.175,1.59,Large Cap,10,0,0
U3436,F377,HDFC Top 100,2023-03-28,2500,24.18,2023-03-31,103.391,0.99,Large Cap,6,0,0
U8849,F700,HDFC Top 100,2024-01-31,2000,39.19,2024-02-01,51.033,1.34,Mid Cap,7,0,0
U9735,F355,Axis Bluechip,2024-12-14,2500,92.81,2024-12-15,26.937,1.17,Mid Cap,6,1,0
U3967,F992,ICICI Prudential Value Discovery,2023-11-29,500,15.15,2023-11-29,33.003,2.49,Balanced,2,1,0
U8424,F138,Nippon India Small Cap,2024-05-15,1000,16.21,2024-05-15,61.69,1.77,Large Cap,3,0,0
U9794,F604,HDFC Top 100,2023-05-26,2500,55.37,2023-05-27,45.151,2.11,Small Cap,6,0,0
U7727,F857,Mirae Asset Emerging Bluechip,2024-03-23,1000,30.74,2024-03-28,32.531,2.18,Balanced,2,0,0
U3058,F436,Nippon India Small Cap,2023-01-18,2500,79.47,2023-01-20,31.458,2.28,ELSS,4,1,0
U6613,F560,Nippon India Small Cap,2023-06-03,2000,84.35,2023-06-05,23.711,1.5,ELSS,9,1,1
U8674,F246,HDFC Top 100,2023-03-09,2500,13.29,2023-03-09,188.111,0.86,ELSS,8,1,1
U9135,F713,Mirae Asset Emerging Bluechip,2024-03-31,500,27.83,2024-04-03,17.966,2.04,Balanced,4,1,0
U4682,F519,Mirae Asset Emerging Bluechip,2023-01-20,3000,40.11,2023-01-21,74.794,1.57,Small Cap,7,1,1
U1249,F416,Mirae Asset Emerging Bluechip,2023-02-05,1500,81.03,2023-02-12,18.512,2.23,Small Cap,6,1,0
U8160,F186,Mirae Asset Emerging Bluechip,2023-08-04,2500,74.21,2023-08-07,33.688,2.15,Large Cap,2,1,1
U9507,F534,Axis Bluechip,2023-11-18,3000,36.0,2023-11-19,83.333,1.73,Small Cap,1,0,0
U6138,F622,Axis Bluechip,2023-05-26,500,52.65,2023-05-31,9.497,1.1,Large Cap,5,0,0
U5894,F760,Mirae Asset Emerging Bluechip,2024-03-08,500,71.78,2024-03-13,6.966,1.53,Large Cap,6,1,1
U6893,F681,Mirae Asset Emerging Bluechip,2024-05-04,1500,14.13,2024-05-06,106.157,1.69,Balanced,6,0,0
U7630,F859,Axis Bluechip,2023-08-01,2500,66.79,2023-08-03,37.431,2.35,Small Cap,10,1,1
U9391,F162,HDFC Top 100,2023-01-23,3000,79.5,2023-01-30,37.736,0.9,Large Cap,1,1,0
U5861,F621,Axis Bluechip,2024-04-20,2000,85.77,2024-04-22,23.318,1.98,Mid Cap,5,0,0
U4298,F101,Mirae Asset Emerging Bluechip,2024-08-25,2500,94.04,2024-08-30,26.584,1.33,Small Cap,4,0,0
U8651,F386,HDFC Top 100,2023-01-09,3000,98.23,2023-01-12,30.541,1.92,Small Cap,4,0,0
U2666,F354,Nippon India Small Cap,2024-07-24,500,43.64,2024-07-27,11.457,0.55,Small Cap,6,1,1
U9762,F845,Nippon India Small Cap,2023-03-11,2500,23.54,2023-03-12,106.202,1.12,Large Cap,3,0,0
U6127,F119,Mirae Asset Emerging Bluechip,2024-08-24,2000,22.4,2024-08-29,89.286,0.67,Balanced,1,0,0
U9628,F827,HDFC Top 100,2023-07-31,3000,26.01,2023-08-01,115.34,0.78,Mid Cap,5,1,1
U9971,F371,HDFC Top 100,2024-09-26,1000,78.03,2024-09-27,12.816,1.42,ELSS,6,0,0
U8721,F966,HDFC Top 100,2023-05-18,2500,14.53,2023-05-21,172.058,0.53,Mid Cap,9,0,0
U3855,F745,ICICI Prudential Value Discovery,2023-01-13,1500,58.57,2023-01-15,25.61,1.94,Balanced,7,0,0
U5609,F649,Nippon India Small Cap,2023-07-14,2500,27.48,2023-07-19,90.975,2.48,Mid Cap,5,0,0
U7943,F339,Axis Bluechip,2024-03-30,3000,87.72,2024-04-04,34.2,2.01,Mid Cap,4,0,0
U9122,F316,ICICI Prudential Value Discovery,2024-12-07,500,53.1,2024-12-14,9.416,0.81,ELSS,8,1,0
U4238,F714,HDFC Top 100,2023-09-27,1500,35.39,2023-09-28,42.385,0.81,Balanced,2,0,0
U4982,F784,Mirae Asset Emerging Bluechip,2024-07-27,2500,76.22,2024-07-30,32.8,1.31,Small Cap,3,1,0
U6140,F350,Nippon India Small Cap,2024-10-22,3000,45.18,2024-10-29,66.401,0.59,ELSS,9,1,0
U8477,F947,ICICI Prudential Value Discovery,2023-09-18,2500,92.73,2023-09-19,26.96,1.78,Small Cap,5,1,1
U1883,F704,HDFC Top 100,2023-02-11,2000,74.29,2023-02-13,26.922,1.9,Mid Cap,7,1,1
U3591,F413,Axis Bluechip,2023-10-29,3000,37.53,2023-10-31,79.936,1.17,Balanced,5,0,0
U3366,F919,Mirae Asset Emerging Bluechip,2023-08-05,500,94.16,2023-08-07,5.31,0.82,ELSS,2,0,0
U9571,F396,Axis Bluechip,2023-07-10,1000,74.91,2023-07-11,13.349,1.04,Small Cap,8,0,0
U6804,F150,Axis Bluechip,2024-09-10,1500,86.91,2024-09-15,17.259,2.26,ELSS,4,0,0
U2287,F483,Mirae Asset Emerging Bluechip,2023-08-05,1500,72.88,2023-08-06,20.582,1.24,Balanced,7,1,0
U6596,F885,Mirae Asset Emerging Bluechip,2024-10-06,1500,98.25,2024-10-06,15.267,0.51,Large Cap,1,0,0
U2227,F729,ICICI Prudential Value Discovery,2023-04-13,3000,21.13,2023-04-15,141.978,1.62,Large Cap,3,1,1
U4017,F633,ICICI Prudential Value Discovery,2023-08-23,2500,55.96,2023-08-25,44.675,1.46,Large Cap,3,0,0
U8602,F750,ICICI Prudential Value Discovery,2024-07-24,500,36.8,2024-07-31,13.587,0.77,ELSS,6,0,0
U9056,F315,Axis Bluechip,2023-11-15,1000,40.51,2023-11-18,24.685,0.85,Small Cap,6,1,0
U5318,F339,HDFC Top 100,2024-10-22,500,23.62,2024-10-23,21.169,2.41,Mid Cap,5,1,1
U7498,F561,Axis Bluechip,2024-05-23,3000,86.41,2024-05-25,34.718,1.62,Mid Cap,5,0,0
U1305,F126,Axis Bluechip,2024-11-23,3000,85.92,2024-11-25,34.916,2.1,Mid Cap,9,0,0
U8719,F399,Axis Bluechip,2023-06-15,1000,85.31,2023-06-18,11.722,1.95,Large Cap,6,1,0
U6871,F319,Mirae Asset Emerging Bluechip,2023-09-22,1500,73.63,2023-09-22,20.372,1.36,Balanced,1,0,0
U6324,F851,HDFC Top 100,2024-08-27,2500,69.57,2024-08-29,35.935,2.09,Small Cap,8,1,1
U7920,F513,ICICI Prudential Value Discovery,2023-06-17,3000,21.22,2023-06-24,141.376,0.51,Large Cap,5,0,0
U4476,F441,Axis Bluechip,2024-11-11,1000,54.31,2024-11-12,18.413,1.84,ELSS,5,1,1
U3266,F586,Nippon India Small Cap,2024-04-26,3000,91.36,2024-05-03,32.837,2.42,Small Cap,5,1,0
U3119,F643,ICICI Prudential Value Discovery,2023-01-21,1500,50.47,2023-01-22,29.721,1.99,ELSS,3,0,0
U8452,F208,Nippon India Small Cap,2023-10-27,3000,91.95,2023-11-03,32.626,2.38,ELSS,9,1,0
U9140,F115,Axis Bluechip,2024-12-07,1000,77.82,2024-12-07,12.85,2.17,Balanced,10,0,0
U4188,F762,Axis Bluechip,2024-05-02,2500,18.18,2024-05-04,137.514,1.18,Mid Cap,1,1,0
U4211,F160,HDFC Top 100,2024-02-19,1000,56.31,2024-02-21,17.759,2.37,ELSS,5,0,0
U1963,F644,Nippon India Small Cap,2023-10-07,3000,35.72,2023-10-10,83.987,1.9,Balanced,7,1,1
U9749,F740,Axis Bluechip,2024-09-09,2500,38.32,2024-09-16,65.24,2.01,Balanced,9,0,0
U3172,F475,Axis Bluechip,2023-10-03,1000,78.78,2023-10-08,12.694,0.94,Balanced,7,1,0
U8246,F338,Nippon India Small Cap,2023-11-27,500,25.57,2023-12-02,19.554,1.35,Large Cap,4,0,0
U1392,F147,Axis Bluechip,2024-08-14,2000,59.95,2024-08-16,33.361,1.98,Large Cap,4,1,1
U1411,F398,HDFC Top 100,2024-06-12,1000,14.99,2024-06-12,66.711,2.33,ELSS,3,0,0
U9001,F649,Mirae Asset Emerging Bluechip,2024-12-07,1500,23.16,2024-12-07,64.767,1.02,ELSS,2,1,1
U3171,F134,HDFC Top 100,2023-09-18,1000,22.83,2023-09-23,43.802,1.32,ELSS,7,1,0
U6452,F478,Axis Bluechip,2023-08-29,1000,21.14,2023-08-30,47.304,0.99,Balanced,1,1,0
U2811,F249,Mirae Asset Emerging Bluechip,2024-09-09,500,41.16,2024-09-16,12.148,1.56,Large Cap,10,1,1
U6887,F828,Axis Bluechip,2024-11-22,2000,65.09,2024-11-27,30.727,1.86,Large Cap,8,0,0
U8550,F110,Nippon India Small Cap,2023-09-12,2000,28.93,2023-09-13,69.132,1.96,Small Cap,5,0,0
U1181,F194,Axis Bluechip,2024-01-03,500,80.75,2024-01-10,6.192,2.37,Balanced,3,1,0
U7518,F705,Nippon India Small Cap,2023-08-02,2000,71.7,2023-08-09,27.894,0.92,Mid Cap,5,0,0
U2952,F880,ICICI Prudential Value Discovery,2023-09-19,1000,33.38,2023-09-24,29.958,1.26,ELSS,6,1,1
U1402,F880,ICICI Prudential Value Discovery,2024-10-05,3000,10.81,2024-10-12,277.521,0.61,ELSS,1,0,0
U6548,F117,Axis Bluechip,2023-08-30,1500,48.82,2023-09-02,30.725,2.33,Small Cap,5,1,0
U2343,F934,Nippon India Small Cap,2024-09-19,1500,38.83,2024-09-21,38.63,1.23,Balanced,2,0,0
U2112,F594,ICICI Prudential Value Discovery,2024-07-24,1000,86.01,2024-07-26,11.627,1.97,Small Cap,2,1,0
U9533,F493,Axis Bluechip,2023-09-15,1000,62.63,2023-09-15,15.967,1.19,Balanced,3,0,0
U3621,F127,ICICI Prudential Value Discovery,2024-09-30,2500,96.13,2024-09-30,26.006,1.57,Balanced,3,0,0
U4720,F871,Nippon India Small Cap,2023-12-30,1000,75.28,2023-12-30,13.284,2.12,Small Cap,3,0,0
U4669,F899,Axis Bluechip,2023-01-27,3000,79.76,2023-01-28,37.613,1.97,Small Cap,10,1,1
U2062,F363,HDFC Top 100,2023-04-15,2500,31.96,2023-04-22,78.223,1.02,Large Cap,5,0,0
U4493,F395,Nippon India Small Cap,2024-09-03,2500,26.77,2024-09-08,93.388,1.92,Large Cap,4,1,1
U5902,F687,ICICI Prudential Value Discovery,2023-04-17,500,65.3,2023-04-20,7.657,2.37,Balanced,6,0,0
U2084,F975,Nippon India Small Cap,2024-12-03,500,78.4,2024-12-04,6.378,0.61,Mid Cap,4,0,0
U5143,F186,Nippon India Small Cap,2024-08-27,1000,83.21,2024-09-01,12.018,2.42,Balanced,10,1,0
U4703,F371,Mirae Asset Emerging Bluechip,2023-02-22,2500,63.81,2023-02-22,39.179,1.73,Mid Cap,1,0,0
U2695,F133,ICICI Prudential Value Discovery,2023-06-29,1500,84.65,2023-07-06,17.72,1.65,Small Cap,2,0,0
U8679,F269,Axis Bluechip,2023-01-11,2500,51.83,2023-01-16,48.235,0.99,Large Cap,6,0,0
U5355,F535,ICICI Prudential Value Discovery,2024-09-18,2000,29.76,2024-09-23,67.204,1.28,Large Cap,9,1,1
U8698,F246,HDFC Top 100,2023-01-05,1500,10.6,2023-01-05,141.509,1.73,Large Cap,5,1,0
U4672,F442,ICICI Prudential Value Discovery,2023-04-27,1000,88.87,2023-04-30,11.252,0.82,Small Cap,8,1,1
U7503,F171,Nippon India Small Cap,2024-09-19,500,44.91,2024-09-26,11.133,1.8,ELSS,8,0,0
U7809,F419,Mirae Asset Emerging Bluechip,2023-07-30,500,53.35,2023-07-30,9.372,1.18,Large Cap,1,1,1
U3606,F376,Axis Bluechip,2023-11-07,2000,85.39,2023-11-14,23.422,1.93,Balanced,6,1,1
U4770,F452,Mirae Asset Emerging Bluechip,2023-02-06,2500,51.0,2023-02-11,49.02,0.92,Large Cap,4,0,0
U4034,F997,Nippon India Small Cap,2023-01-15,2500,21.37,2023-01-15,116.986,2.48,ELSS,4,0,0
U6936,F418,Axis Bluechip,2024-10-28,2000,44.27,2024-10-31,45.177,1.94,Mid Cap,10,1,1
U7911,F581,Nippon India Small Cap,2024-07-26,2000,54.46,2024-08-02,36.724,2.27,Small Cap,8,0,0
U8966,F595,Axis Bluechip,2024-07-15,2500,30.12,2024-07-15,83.001,0.95,Large Cap,6,0,0
U7957,F687,Axis Bluechip,2023-09-20,500,32.65,2023-09-23,15.314,1.71,Mid Cap,8,1,1
U9324,F277,ICICI Prudential Value Discovery,2024-05-19,1500,92.53,2024-05-24,16.211,1.12,Balanced,10,1,1
U3028,F284,Axis Bluechip,2023-11-26,500,66.85,2023-11-29,7.479,2.24,Balanced,1,0,0
U4354,F778,ICICI Prudential Value Discovery,2023-11-16,3000,53.22,2023-11-19,56.37,0.8,ELSS,7,0,0
U4172,F595,HDFC Top 100,2024-02-24,1000,23.17,2024-02-26,43.159,2.22,Mid Cap,6,0,0
U8675,F553,ICICI Prudential Value Discovery,2024-05-02,1000,37.46,2024-05-04,26.695,2.44,ELSS,4,1,0
U5584,F252,ICICI Prudential Value Discovery,2023-04-01,2500,61.02,2023-04-02,40.97,0.56,Large Cap,5,1,1
U7973,F340,Axis Bluechip,2023-12-17,2000,38.51,2023-12-22,51.935,1.99,ELSS,2,0,0
U5390,F112,Axis Bluechip,2023-06-04,2000,42.75,2023-06-11,46.784,1.94,Large Cap,5,1,0
U4543,F589,HDFC Top 100,2024-06-12,3000,18.56,2024-06-14,161.638,2.32,Small Cap,8,0,0
U5597,F866,ICICI Prudential Value Discovery,2023-04-23,1500,81.97,2023-04-24,18.299,0.66,Small Cap,9,1,1
U7637,F382,Mirae Asset Emerging Bluechip,2024-02-05,1000,32.02,2024-02-08,31.23,1.36,Mid Cap,3,0,0
U7393,F989,Axis Bluechip,2024-10-19,3000,78.99,2024-10-19,37.979,1.24,Balanced,1,0,0
U9833,F620,HDFC Top 100,2024-12-07,3000,50.63,2024-12-09,59.253,1.57,ELSS,8,1,0
U5704,F504,Mirae Asset Emerging Bluechip,2023-11-30,2500,39.62,2023-12-07,63.099,1.78,Mid Cap,6,0,0
U6343,F838,Mirae Asset Emerging Bluechip,2023-10-27,1000,22.05,2023-10-27,45.351,1.97,Balanced,3,1,1
U7216,F981,Axis Bluechip,2024-11-06,2000,39.75,2024-11-11,50.314,0.82,Mid Cap,10,1,1
U6167,F748,Axis Bluechip,2023-01-02,500,68.06,2023-01-09,7.346,0.79,Large Cap,8,0,0
U7668,F221,ICICI Prudential Value Discovery,2023-10-18,500,23.4,2023-10-25,21.368,1.86,Small Cap,3,0,0
U6072,F820,Mirae Asset Emerging Bluechip,2023-08-27,3000,40.18,2023-08-30,74.664,1.95,Large Cap,8,1,0
U2307,F419,HDFC Top 100,2024-06-17,1500,75.89,2024-06-24,19.765,2.04,Small Cap,2,0,0
U5394,F880,Mirae Asset Emerging Bluechip,2023-12-26,1500,69.22,2023-12-31,21.67,1.83,Mid Cap,5,1,1
U1612,F785,Axis Bluechip,2023-01-12,1500,10.46,2023-01-15,143.403,2.34,Balanced,7,1,1
U9399,F552,Axis Bluechip,2024-07-03,1000,42.01,2024-07-06,23.804,2.24,Large Cap,8,0,0
U3041,F953,Nippon India Small Cap,2024-08-31,1500,30.45,2024-09-05,49.261,1.95,Small Cap,5,1,0
U6594,F148,ICICI Prudential Value Discovery,2024-07-25,1000,34.6,2024-07-26,28.902,2.11,ELSS,3,0,0
U1830,F637,Mirae Asset Emerging Bluechip,2023-04-17,2000,30.14,2023-04-24,66.357,1.5,Balanced,4,1,0
U8753,F240,HDFC Top 100,2024-09-27,3000,45.84,2024-10-04,65.445,1.61,ELSS,5,1,0
U7497,F810,ICICI Prudential Value Discovery,2023-07-25,2000,37.33,2023-07-25,53.576,0.67,Balanced,5,1,0
U5228,F940,Mirae Asset Emerging Bluechip,2024-03-10,2000,24.25,2024-03-11,82.474,2.03,ELSS,10,1,1
U7990,F297,Nippon India Small Cap,2024-02-14,500,46.82,2024-02-16,10.679,1.44,ELSS,6,0,0
U8685,F840,ICICI Prudential Value Discovery,2024-08-19,2000,10.62,2024-08-26,188.324,0.81,Mid Cap,9,1,0
U5542,F469,Axis Bluechip,2024-10-25,3000,58.96,2024-10-30,50.882,1.93,Balanced,6,0,0
U3082,F446,Mirae Asset Emerging Bluechip,2023-01-10,2500,79.73,2023-01-15,31.356,1.26,Balanced,10,0,0
U7741,F819,HDFC Top 100,2023-01-05,1500,60.78,2023-01-06,24.679,1.74,Mid Cap,8,1,0
U3790,F770,HDFC Top 100,2023-08-11,2000,64.75,2023-08-13,30.888,2.23,Large Cap,1,0,0
U6451,F373,Mirae Asset Emerging Bluechip,2023-03-09,1500,88.64,2023-03-14,16.922,0.7,Mid Cap,5,1,0
U1868,F450,Nippon India Small Cap,2023-10-11,2500,52.58,2023-10-18,47.547,1.84,Small Cap,8,1,0
U5610,F405,Mirae Asset Emerging Bluechip,2023-08-21,2500,27.21,2023-08-21,91.878,0.72,Small Cap,9,0,0
U3377,F983,HDFC Top 100,2023-07-18,2000,96.4,2023-07-20,20.747,1.78,ELSS,7,0,0
U7220,F129,Nippon India Small Cap,2024-03-13,2500,32.97,2024-03-18,75.827,1.6,Large Cap,8,0,0
U3536,F939,Nippon India Small Cap,2023-06-23,500,19.69,2023-06-25,25.394,2.03,Balanced,10,0,0
U6865,F935,Nippon India Small Cap,2024-07-30,2000,32.05,2024-07-31,62.402,0.97,Mid Cap,4,1,1
U3433,F594,HDFC Top 100,2023-10-29,2000,42.91,2023-11-05,46.609,1.61,Small Cap,5,1,0
U4276,F599,Nippon India Small Cap,2024-04-22,3000,13.3,2024-04-25,225.564,1.92,Balanced,9,0,0
U8116,F865,ICICI Prudential Value Discovery,2024-03-09,500,95.0,2024-03-11,5.263,0.99,ELSS,8,0,0
U1272,F227,Nippon India Small Cap,2023-10-09,3000,28.69,2023-10-12,104.566,1.61,ELSS,1,0,0
U4890,F523,Mirae Asset Emerging Bluechip,2023-01-13,2500,66.84,2023-01-13,37.403,1.55,ELSS,1,0,0
U2723,F667,Nippon India Small Cap,2024-02-04,1000,73.17,2024-02-09,13.667,1.31,Balanced,2,0,0
U3477,F558,Axis Bluechip,2023-02-16,3000,43.86,2023-02-17,68.399,1.89,Large Cap,6,1,0
U3414,F517,ICICI Prudential Value Discovery,2024-03-22,3000,76.67,2024-03-25,39.129,1.23,Large Cap,5,0,0
U6386,F393,HDFC Top 100,2023-12-19,2000,36.19,2023-12-24,55.264,1.92,Mid Cap,6,1,1
U5853,F936,ICICI Prudential Value Discovery,2023-05-05,1500,15.03,2023-05-05,99.8,1.78,Balanced,10,0,0
U2053,F661,ICICI Prudential Value Discovery,2024-07-07,2500,55.51,2024-07-10,45.037,0.99,Large Cap,2,0,0
U5530,F939,ICICI Prudential Value Discovery,2023-11-14,1500,42.97,2023-11-16,34.908,1.73,Balanced,10,1,1
U4583,F365,Nippon India Small Cap,2023-11-26,2500,76.35,2023-11-27,32.744,0.7,Large Cap,6,1,0
U2026,F952,HDFC Top 100,2023-08-24,500,45.36,2023-08-29,11.023,2.24,ELSS,3,0,0
U8989,F305,ICICI Prudential Value Discovery,2024-08-24,3000,93.74,2024-08-26,32.003,1.02,Small Cap,6,1,1
U6721,F556,Nippon India Small Cap,2024-02-28,2000,63.98,2024-03-06,31.26,2.17,Large Cap,8,1,1
U8916,F821,Axis Bluechip,2023-07-11,2000,97.82,2023-07-14,20.446,0.78,Small Cap,3,1,1
U2876,F468,Axis Bluechip,2024-08-01,1500,50.42,2024-08-01,29.75,1.43,Large Cap,2,1,1
U9799,F124,Nippon India Small Cap,2024-02-25,3000,12.09,2024-03-01,248.139,1.59,ELSS,2,1,1
U5872,F168,ICICI Prudential Value Discovery,2024-03-12,2500,44.45,2024-03-12,56.243,1.9,Small Cap,9,0,0
U5404,F808,Nippon India Small Cap,2024-09-12,2500,20.3,2024-09-12,123.153,1.52,ELSS,10,1,0
U6545,F969,HDFC Top 100,2024-11-28,2500,48.4,2024-11-29,51.653,2.25,Small Cap,10,1,1
U1279,F545,HDFC Top 100,2023-01-27,2000,52.82,2023-02-03,37.864,1.86,Large Cap,6,1,1
U2176,F848,HDFC Top 100,2023-10-17,1500,23.25,2023-10-17,64.516,1.44,Balanced,7,1,0
U3401,F165,Nippon India Small Cap,2023-04-26,500,31.79,2023-04-28,15.728,1.73,Mid Cap,3,0,0
U7168,F662,Axis Bluechip,2023-09-03,500,76.91,2023-09-05,6.501,2.07,Balanced,1,1,1
U8792,F534,Nippon India Small Cap,2023-02-12,1000,28.64,2023-02-14,34.916,1.31,Large Cap,9,1,0
U6306,F524,ICICI Prudential Value Discovery,2024-05-31,500,96.32,2024-06-02,5.191,1.9,Large Cap,5,1,0
U7131,F406,ICICI Prudential Value Discovery,2024-02-26,2000,97.69,2024-02-28,20.473,0.8,Small Cap,10,1,1
U7684,F137,HDFC Top 100,2024-10-05,2000,16.64,2024-10-08,120.192,2.19,ELSS,2,0,0
U6510,F580,Nippon India Small Cap,2024-09-04,500,24.22,2024-09-07,20.644,0.84,Balanced,9,1,0
U2890,F956,Axis Bluechip,2024-10-23,500,75.1,2024-10-25,6.658,1.73,ELSS,5,1,1
U3724,F183,HDFC Top 100,2023-08-13,3000,92.74,2023-08-14,32.349,0.73,Mid Cap,10,0,0
U2483,F902,Axis Bluechip,2024-02-02,2000,78.26,2024-02-09,25.556,1.07,Large Cap,5,1,1
U9381,F994,ICICI Prudential Value Discovery,2024-09-22,2500,94.51,2024-09-25,26.452,0.85,Large Cap,7,0,0
U8455,F479,ICICI Prudential Value Discovery,2023-03-14,500,48.06,2023-03-17,10.404,1.71,Small Cap,10,0,0
U1260,F191,Axis Bluechip,2023-07-08,500,60.29,2023-07-10,8.293,2.21,ELSS,2,1,1
U5947,F683,HDFC Top 100,2024-11-24,3000,29.66,2024-12-01,101.146,0.6,Small Cap,1,0,0
U8882,F990,Nippon India Small Cap,2024-10-14,1500,19.48,2024-10-14,77.002,1.19,Large Cap,7,1,0
U5596,F571,Nippon India Small Cap,2023-04-24,3000,45.73,2023-04-25,65.602,2.06,Large Cap,6,1,1
U2412,F840,ICICI Prudential Value Discovery,2023-10-25,1500,30.8,2023-10-26,48.701,2.27,Balanced,3,1,1
U7943,F603,Mirae Asset Emerging Bluechip,2023-10-28,3000,60.92,2023-11-04,49.245,2.1,Mid Cap,4,0,0
U1435,F591,Nippon India Small Cap,2024-09-14,1500,76.67,2024-09-21,19.564,2.3,Small Cap,3,0,0
U8194,F506,ICICI Prudential Value Discovery,2023-09-17,3000,52.96,2023-09-18,56.647,2.45,Small Cap,2,1,0
U5937,F544,ICICI Prudential Value Discovery,2024-12-11,500,59.4,2024-12-12,8.418,0.87,Small Cap,9,1,1
U1687,F206,Mirae Asset Emerging Bluechip,2024-12-13,2500,76.67,2024-12-14,32.607,0.55,Small Cap,4,0,0
U1433,F463,ICICI Prudential Value Discovery,2024-10-20,2500,18.47,2024-10-27,135.355,1.9,Balanced,4,0,0
U1491,F614,ICICI Prudential Value Discovery,2024-11-28,3000,93.78,2024-11-30,31.99,2.3,ELSS,9,0,0
U5520,F373,Axis Bluechip,2023-12-19,1500,33.05,2023-12-19,45.386,2.24,Balanced,2,1,0
U7458,F554,Axis Bluechip,2024-04-04,2500,72.59,2024-04-04,34.44,2.48,Mid Cap,8,0,0
U1861,F232,Nippon India Small Cap,2024-03-06,2500,66.03,2024-03-09,37.862,1.01,Small Cap,8,1,1
U9890,F129,Axis Bluechip,2023-11-07,2500,13.29,2023-11-12,188.111,1.57,Mid Cap,8,0,0
U6107,F712,HDFC Top 100,2024-10-23,2000,59.57,2024-10-26,33.574,1.94,Small Cap,8,1,0
U7079,F599,Axis Bluechip,2023-12-28,1500,16.11,2023-12-29,93.11,2.32,Large Cap,3,0,0
U5520,F141,Nippon India Small Cap,2023-02-22,3000,85.14,2023-02-27,35.236,1.15,Mid Cap,3,1,1
U4846,F390,Mirae Asset Emerging Bluechip,2023-02-25,1000,37.06,2023-03-04,26.983,2.11,Mid Cap,6,0,0
U1473,F153,Mirae Asset Emerging Bluechip,2023-12-24,2000,99.22,2023-12-29,20.157,1.6,ELSS,8,0,0
U9291,F590,ICICI Prudential Value Discovery,2024-02-19,2500,21.0,2024-02-20,119.048,1.43,Small Cap,5,0,0
U1292,F883,Mirae Asset Emerging Bluechip,2023-12-20,1500,96.75,2023-12-22,15.504,1.53,Balanced,4,1,0
U1565,F472,HDFC Top 100,2024-01-20,2500,36.46,2024-01-21,68.568,0.6,ELSS,7,0,0
U1361,F884,ICICI Prudential Value Discovery,2023-10-22,2500,63.12,2023-10-25,39.607,1.16,Mid Cap,5,0,0
U6472,F560,Nippon India Small Cap,2024-06-21,2500,92.9,2024-06-22,26.911,1.78,Small Cap,5,0,0
U9529,F132,Mirae Asset Emerging Bluechip,2023-05-12,1000,20.68,2023-05-14,48.356,2.03,Balanced,8,0,0
U8074,F621,HDFC Top 100,2023-07-29,2500,64.18,2023-07-29,38.953,1.72,Mid Cap,3,1,1
U8863,F799,ICICI Prudential Value Discovery,2023-09-14,500,91.51,2023-09-16,5.464,1.91,Large Cap,10,0,0
U8557,F979,Axis Bluechip,2024-10-05,2000,56.15,2024-10-06,35.619,2.04,Mid Cap,1,1,1
U3686,F391,HDFC Top 100,2023-11-14,1500,54.95,2023-11-17,27.298,2.39,ELSS,10,0,0
U9756,F892,Axis Bluechip,2023-01-02,500,42.06,2023-01-02,11.888,1.2,Large Cap,2,1,1
U4250,F722,ICICI Prudential Value Discovery,2024-04-24,1500,27.52,2024-05-01,54.506,1.29,ELSS,7,1,1
U5623,F230,Nippon India Small Cap,2023-05-21,2000,73.63,2023-05-28,27.163,1.61,Mid Cap,8,0,0
U9304,F474,Axis Bluechip,2024-05-27,3000,36.23,2024-05-28,82.804,1.22,ELSS,6,0,0
U4797,F584,Axis Bluechip,2023-05-14,2000,74.61,2023-05-17,26.806,1.6,Large Cap,6,0,0
U6931,F415,Nippon India Small Cap,2024-05-31,2500,75.24,2024-06-01,33.227,2.08,Small Cap,8,0,0
U2799,F527,ICICI Prudential Value Discovery,2024-02-15,1500,25.85,2024-02-22,58.027,2.05,Large Cap,6,1,1
U1393,F255,ICICI Prudential Value Discovery,2023-10-09,1000,56.92,2023-10-10,17.569,1.7,ELSS,1,1,0
U9395,F658,Nippon India Small Cap,2024-12-12,1000,13.36,2024-12-17,74.85,1.4,Small Cap,8,0,0
U5809,F523,Nippon India Small Cap,2024-11-24,2500,26.75,2024-12-01,93.458,2.03,Balanced,1,0,0
U5495,F893,HDFC Top 100,2024-03-18,500,61.76,2024-03-19,8.096,1.23,ELSS,5,1,1
U2057,F187,HDFC Top 100,2024-12-09,1500,36.51,2024-12-16,41.085,0.75,Balanced,1,1,1
U1658,F752,Nippon India Small Cap,2023-08-12,1500,13.7,2023-08-14,109.489,0.65,ELSS,6,1,1
U3657,F428,HDFC Top 100,2024-04-28,3000,91.76,2024-05-03,32.694,1.28,Balanced,4,1,1
U1058,F788,Nippon India Small Cap,2024-01-15,3000,29.89,2024-01-22,100.368,1.76,Large Cap,3,0,0
U1650,F793,HDFC Top 100,2023-06-05,2000,86.25,2023-06-06,23.188,1.89,Large Cap,2,0,0
U9647,F957,HDFC Top 100,2023-06-14,1000,61.9,2023-06-17,16.155,1.33,Balanced,1,1,0
U3017,F788,Axis Bluechip,2024-05-26,2500,49.47,2024-05-28,50.536,2.12,Large Cap,5,1,1
U4587,F273,HDFC Top 100,2024-04-16,2000,40.77,2024-04-18,49.056,1.52,Small Cap,2,0,0
U7902,F995,Mirae Asset Emerging Bluechip,2024-09-11,3000,96.35,2024-09-12,31.136,2.31,ELSS,8,1,1
U2168,F875,HDFC Top 100,2024-03-29,3000,72.86,2024-03-30,41.175,2.42,Mid Cap,10,0,0
U5434,F362,Mirae Asset Emerging Bluechip,2023-04-17,500,47.48,2023-04-17,10.531,0.81,Large Cap,10,1,0
U5851,F676,ICICI Prudential Value Discovery,2023-07-19,500,24.27,2023-07-26,20.602,0.84,ELSS,1,1,0
U6225,F206,Axis Bluechip,2023-03-24,1500,59.17,2023-03-25,25.351,2.19,ELSS,2,1,1
U1554,F331,Nippon India Small Cap,2024-12-29,2000,83.92,2025-01-03,23.832,1.36,Small Cap,9,1,1
U1449,F206,Mirae Asset Emerging Bluechip,2023-12-16,500,82.2,2023-12-19,6.083,2.24,ELSS,10,1,1
U5575,F923,Nippon India Small Cap,2024-10-05,1000,98.76,2024-10-06,10.126,1.89,Balanced,5,1,0
U4414,F371,HDFC Top 100,2024-12-09,1500,76.63,2024-12-14,19.575,2.43,Balanced,6,1,1
U1063,F174,ICICI Prudential Value Discovery,2023-06-26,2000,81.28,2023-07-03,24.606,1.64,Balanced,3,1,0
U3547,F970,Nippon India Small Cap,2024-02-14,2500,60.64,2024-02-21,41.227,2.27,Mid Cap,8,0,0
U6555,F883,HDFC Top 100,2024-12-06,500,55.92,2024-12-08,8.941,2.27,Mid Cap,10,0,0
U5528,F644,Mirae Asset Emerging Bluechip,2024-03-14,2000,97.48,2024-03-16,20.517,1.56,Mid Cap,10,0,0
U3263,F833,Axis Bluechip,2023-01-10,1500,87.68,2023-01-11,17.108,2.24,Balanced,4,0,0
U9984,F327,Nippon India Small Cap,2024-12-31,2500,33.77,2025-01-01,74.03,1.32,Small Cap,1,0,0
U1427,F222,ICICI Prudential Value Discovery,2023-12-12,1000,80.02,2023-12-15,12.497,0.73,Mid Cap,2,1,0
U3338,F949,Nippon India Small Cap,2023-06-26,500,30.98,2023-07-01,16.139,1.68,ELSS,8,0,0
U1084,F206,HDFC Top 100,2023-11-18,500,47.23,2023-11-23,10.586,2.12,ELSS,5,1,0
U2983,F272,ICICI Prudential Value Discovery,2024-04-03,2500,34.19,2024-04-06,73.121,2.37,Small Cap,1,0,0
U1850,F594,Mirae Asset Emerging Bluechip,2024-08-14,2500,21.96,2024-08-16,113.843,0.97,Small Cap,6,0,0
U2863,F151,ICICI Prudential Value Discovery,2024-03-02,3000,69.6,2024-03-04,43.103,1.81,Large Cap,10,0,0
U7533,F975,Mirae Asset Emerging Bluechip,2023-02-13,1000,97.75,2023-02-20,10.23,2.28,Balanced,7,0,0
U3459,F987,HDFC Top 100,2024-10-24,2000,39.36,2024-10-27,50.813,1.98,Large Cap,6,1,0
U4863,F876,Axis Bluechip,2024-12-05,500,81.19,2024-12-10,6.158,2.44,Small Cap,9,0,0
U8961,F682,Axis Bluechip,2024-05-17,500,21.41,2024-05-18,23.354,0.84,Mid Cap,5,0,0
U2863,F848,ICICI Prudential Value Discovery,2024-09-08,3000,80.1,2024-09-09,37.453,2.28,Small Cap,1,0,0
U8582,F318,ICICI Prudential Value Discovery,2023-09-20,2000,29.27,2023-09-21,68.329,2.04,Small Cap,8,0,0
U6558,F874,ICICI Prudential Value Discovery,2023-03-03,1500,99.53,2023-03-03,15.071,0.92,Large Cap,3,1,1
U3546,F146,Nippon India Small Cap,2024-09-23,500,97.75,2024-09-26,5.115,1.14,Small Cap,4,1,1
U2491,F634,ICICI Prudential Value Discovery,2023-05-22,2000,81.56,2023-05-23,24.522,1.7,Large Cap,4,0,0
U1835,F940,HDFC Top 100,2023-09-24,1000,59.56,2023-10-01,16.79,1.43,Small Cap,2,0,0
U2084,F615,ICICI Prudential Value Discovery,2023-01-29,1500,75.24,2023-02-05,19.936,1.36,Balanced,8,0,0
U3552,F489,HDFC Top 100,2023-06-19,2000,14.63,2023-06-19,136.705,0.92,Mid Cap,2,1,0
U4240,F265,HDFC Top 100,2023-09-10,500,56.96,2023-09-17,8.778,1.65,Small Cap,7,0,0
U4163,F927,HDFC Top 100,2023-11-17,3000,64.6,2023-11-22,46.44,2.18,ELSS,6,0,0
U6122,F911,HDFC Top 100,2024-02-14,1500,78.2,2024-02-14,19.182,1.99,Small Cap,2,1,1
U9712,F199,HDFC Top 100,2024-01-05,3000,95.58,2024-01-05,31.387,1.04,Mid Cap,7,1,1
U1848,F841,Axis Bluechip,2024-10-09,3000,55.08,2024-10-11,54.466,1.45,Mid Cap,5,1,0
U5496,F535,Nippon India Small Cap,2023-07-31,500,96.29,2023-07-31,5.193,2.08,Mid Cap,1,1,1
U6282,F749,Mirae Asset Emerging Bluechip,2024-02-08,3000,27.82,2024-02-13,107.836,1.23,ELSS,2,0,0
U2678,F262,Axis Bluechip,2024-12-12,1500,28.22,2024-12-12,53.154,1.83,Large Cap,6,1,0
U1626,F886,HDFC Top 100,2024-05-08,3000,17.35,2024-05-08,172.911,1.68,ELSS,5,1,1
U5833,F707,HDFC Top 100,2024-03-17,500,77.04,2024-03-24,6.49,0.7,ELSS,5,1,1
U2262,F600,Mirae Asset Emerging Bluechip,2024-09-30,1500,66.89,2024-10-05,22.425,1.9,Mid Cap,2,0,0
U8367,F813,ICICI Prudential Value Discovery,2024-01-13,500,95.96,2024-01-20,5.211,0.76,Balanced,1,1,0
U7933,F613,Mirae Asset Emerging Bluechip,2024-08-17,2500,51.05,2024-08-17,48.972,0.77,ELSS,4,1,1
U6581,F661,Axis Bluechip,2023-04-28,2500,44.21,2023-04-28,56.548,0.8,Balanced,5,1,0
